0,Throwbacks,1,11532414
1,Awesome Playlist,1,11656470
2,korean ,1,14039958
3,mat,1,28926058
4,90s,2,4335282
5,Wedding,1,19156557
6,I Put A Spell On You,1,3408479
7,2017,1,12674796
8,BOP,2,9948921
9,old country ,1,4297488
10,abby ,2,16403398
11,VIBE,1,35655891
12,relax,1,1981349
13,sleep,1,3039124
14,90's ,1,25837498
15,New Songs,1,1818256
16,slow hands,1,24695913
17,Mom's playlist,1,17627215
18,SARAH,1,15917464
19,melancholy,1,21627256
20,mixtape,3,2165531
21,Sad Songs,1,3709224
22,fall '17,2,9077152
23,‚úîÔ∏è,1,5843925
24,Twenty one pilots,1,1693822
25,run it,2,9067261
26,Winter 2014,1,6442086
27,smooth ,1,2902584
28,Yeet,7,18831207
29,groovy,1,8059613
30,Garage Rock,1,34463029
31,Running 2.0,1,20594090
32,acoustic,1,24656509
33,morning,1,4295055
34,good good,1,18149784
35,Good Vibes,1,15247117
36, indie rock,1,1895637
37,Hits,1,16626596
38,tb,1,12636678
39,Country,1,12611044
40,2020,6,18672695
41,Belters,1,49193451
42,Road Trippin',2,33759110
43,Country,1,4581750
44,taylor swift,3,6837317
45,angst,1,18755470
46,Running 2,1,2724593
47,Spring 2016,1,3857335
48,Country,1,7163190
49,Gospel,1,15097154
50,SB,1,11777971
51,Kevin,1,12833397
52,Christmas,5,2647155
53,NB,4,25223598
54,Smooth Jazz,1,1185919
55,Tennessee ,3,33994572
56,funky,1,5036761
57,spring 16,1,4593106
58,Gates,2,7640168
59,Favorite Songs,3,29179125
60,Ski,2,16331347
61,Country,1,2891358
62,hype,2,8082346
63,Awesome Mix,1,8507708
64,Elizabeth,1,21722739
65,PlayStation,1,27865852
66,Ashley,1,17574203
67,chill,1,1676469
68,xx,1,40691418
69,art class,1,4255622
70,Random Tunes,1,16959911
71,boat,1,5819956
72,spanish jams,1,44051231
73,new,1,7571761
74,CR,1,1420634
75,Run!!,2,3386398
76,winter '17,4,6964996
77,Workout,1,6482548
78,Traps ,1,5141065
79,Dope,1,4064642
80,Chill,1,16146953
81,rap,1,16180860
82,Gospel,1,8803027
83,Florida,2,15764803
84,Workout2,1,10457609
85,Gym,2,18025402
86,Zoned,1,10492328
87,relax,1,5561220
88,KPOP,1,14529680
89,80's,1,23229656
90,For the Road,2,22433711
91,R & B,3,18184816
92,Tom Petty,1,2012078
93,Catchy Songs,1,21802838
94,relax,1,27578241
95,roadtrippin,1,40155045
96,christmas,1,3679250
97,2012,1,54634292
98,Dave,1,26901306
99,bang bang. ,2,8381755
100,Disneyland,1,4782436
101,#boostyourrun,1,4922286
102,LUV,1,10051080
103,latin,1,43921538
104,JAMS,1,15475350
105,~Rando~,1,27285505
106,Party Rock!!,1,29550753
107,party people,2,14274383
108,The Piano Guys,1,16200460
109,Worship,1,37033649
110,Brasileiras,2,7720149
111,country,1,5198964
112,4/20,1,15714900
113,2016,1,4225410
114,Willie,1,4879293
115,beach,4,43332923
116,Gold Digger,1,3014754
117,Fall 2015,1,2935585
118,dance it out,1,8513051
119,greek,1,5742787
120,All the songs,1,20816578
121,Kyle,1,43372532
122,HALLOWEEN,1,4496055
123,w o r k o u t,1,55676545
124,party music,2,39278419
125,summer,1,11809365
126,XXXMas,1,9768248
127,BBG,1,5549763
128,bae,1,3875986
129,oldies,3,22018885
130,its lit,2,46317403
131,go to,1,24902583
132,Killin' It,1,2443305
133,October 2017,4,4344880
134,Rap/Pop,1,56753582
135,1990's ,1,13660732
136,Rap,1,8207681
137,GUACAMOLE,1,5543879
138,14,1,33346619
139,That New New,2,9799655
140,Relaxing,1,17565348
141,sleep,1,5306521
142,Get It!,1,26629274
143,bumps,1,8258520
144,picks,4,14408181
145,ü§òüèº,1,13089519
146,Mashup,2,44443762
147,Ladies,1,2170254
148,Alt Jams,1,31352547
149,Reggae/Ska,3,8045907
150,Top hits,2,28272833
151,jazzy ,1,9636183
152,Pop,1,19844176
153,Emotional,1,7116222
154,Fall,1,11290220
155,ouch,1,5759353
156,Love Music,2,49012499
157,Bang Bang ,1,4484363
158,Solitude,3,23064355
159,feels,1,8912254
160,Silence,1,1460954
161,English ,2,37767243
162,Blues,1,11526358
163,pump,1,15123038
164,volleyball playlist ,5,10592578
165,september ,2,1983622
166,motown,7,12866664
167,folky,3,17432543
168,Rock alternativo,1,2792225
169,Summer Chill,2,35755512
170,Rap Classics,1,13356225
171,My favs,1,6141737
172,motivational ,1,8937392
173,Up Beat,1,24626956
174,Wes Anderson,1,3513542
175,Love,1,4337022
176,basic,1,30577508
177,Another,1,5816378
178,LIT!!!!!!!,1,15221475
179,YEET,2,4874193
180,ü§§ü§§,1,3954876
181,Summer Playlist,1,5897376
182,high,5,36797138
183,Music,1,18325566
184,Chill Alternative,1,12322340
185,feelz,5,27409576
186,Alexia,1,9089382
187,Mellow.,1,3675299
188,Britt,1,4500528
189,Christian Songs,2,20941788
190,Kendrick Lamar ,1,19890530
191,jesus jams,2,5141478
192,Daddy Issues,1,8618956
193,üî•üî•üî•üî•,1,3161650
194,sb2k17,1,29136511
195,Dance,1,16610475
196,2013,1,7031522
197,Spring16,1,14156348
198,soul,1,7654553
199,Best Songs of 2016,5,19698418
200,Ladies,1,3174293
201,Love ,1,9614973
202,Cash,1,17063915
203,#Workout,1,10835351
204,guitar.,2,2158596
205,running ,1,12113727
206,Shower,1,1207465
207,Saturn,1,10601309
208,Christmas music,1,19029995
209,Bus playlist,2,11105323
210,Xmas,1,22073980
211,My music,2,19732875
212,Latino,1,32351099
213,Mumford & Sons,1,3945474
214,This Is What You Came For,1,35259245
215,On the Run,2,8787620
216,Prayer,1,8270009
217,my country,1,32794865
218,party playlist,1,21299385
219,Funky,1,8744086
220,Musicals,1,15053798
221,Relax,1,3412812
222,Wedding,1,3740128
223,classics,10,29870133
224,Peace,3,30900252
225,Volleyball,1,16984247
226,Madness,1,29662320
227,ride,1,13509708
228,before my time,1,44182045
229,reggae,1,3845941
230,Summer of love,2,6247266
231,Everything,9,52092271
232,Hits,1,10847902
233,shower ,1,1202613
234,RUNNIN,1,9846155
235,My happy place,1,8548120
236,90s hits,1,11854860
237,Old songs,3,22046144
238,Korean,1,4831759
239,Go to ,1,28533260
240,Way Up,1,8123185
241,Tegan and Sara,18,29003627
242,Atlas,1,3704527
243,Elisa,1,31295097
244,Country,1,14984483
245,90s,1,13380646
246,eurotrip,1,17113460
247,Mine,1,3842078
248,Christmas 2016,1,4917330
249,Summer,1,6641777
250,TBT,1,7202128
251,beachy,1,5951576
252,country,1,20613122
253,Drank,4,17563757
254,Trip,2,8187579
255,Christmas Mix,22,6772221
256,TOP,1,15305341
257,rap god,1,9175936
258,#Relaxed,4,10909538
259,blue grass,1,14339409
260,brad paisley ,1,12997268
261,summer16,1,4064947
262,throwback,1,31111329
263,love,1,9779988
264,DA,4,45344306
265,SUMMER 2k17,1,27307206
266,Awesome mix vol. 1,1,2692382
267,POP,1,8140922
268,Road Trip Mix,1,7742394
269,Indie,1,5684090
270,Corridos,2,32143449
271,Mr. Brightside,1,5311731
272,shower,1,2974104
273,workout,1,4068227
274,old people,1,14753814
275,FUN,1,14507886
276,üòçüòç,1,2636459
277,Hockey,1,10832487
278,dank memes,1,1004632
279,üéµüéµ,1,22090714
280,Legendary,1,12732512
281,mayer,4,17768780
282,Game Time,1,6825682
283,car tunes,1,25726813
284,lit,1,18667177
285,wrap,1,22954669
286,Chris,1,10192296
287,chill beats,1,5852214
288,kpop,1,11506662
289,mix,2,2543865
290,Blackout,1,8039278
291,country ,1,15999383
292,Disney,1,6954268
293,CHRISTMASSSSS,2,11613183
294,Aux,1,18718099
295,best christmas,2,9019237
296,Worship ,11,8320641
297,broadway,1,15067440
298,Vibe,1,12429584
299,Say My Name,1,8138630
300,car playlist,1,4011284
301,Music From Baz Luhrmann's Film The Great Gatsby,1,4366453
302,deep,1,25101830
303,Tame Impala,1,11513927
304,<3,2,12463335
305,Running,3,5593000
306,mixtape,1,6779280
307,rawr,1,6253280
308,lit songs ,1,4150010
309,upbeat,1,10681914
310,Good Day,1,12219595
311,AAA,1,10542273
312,Line Dances ,1,5397462
313,Spanish,1,1212478
314,randoms,1,9505810
315,Alright,2,6877882
316,Feelin' Myself,1,13552645
317,RAP,2,7089317
318,Covers,1,2610032
319,Acoustic,1,14326291
320,chill,2,5542687
321,bruno mars,1,6725888
322,stream,3,11012768
323,mix ,1,7088594
324,Me Like,3,22279115
325,Disney Jams,1,6599221
326,family,3,25182544
327,Walking on Sunshine,1,3190461
328,country,4,25668008
329,trap,3,23258201
330,electronic,1,45748141
331,The Drive,5,33436194
332,Julion alvarez,2,11843337
333,studying music,2,13568608
334,90s alternative,1,29638000
335,Litty ,2,30444466
336,oldies but goodies ,1,1170598
337,More Songs,1,1820885
338,((chris)),1,28122775
339,Worship,4,45868016
340,üá≤üáΩüá≤üáΩüá≤üáΩ,1,4539311
341,( Õ°¬∞ Õú ñ Õ°¬∞),3,50144158
342,Dance mix,1,43330767
343,classic ,1,7914593
344,oldies,1,6545278
345,NEW,6,4643215
346,Chill music ,2,2661531
347,karaoke.,1,6551213
348,‚ö°Ô∏è‚ö°Ô∏è‚ö°Ô∏è,1,44886478
349,Road,1,5286771
350,Latin Trap,1,19787271
351,Cali,1,13840477
352,frenchy,1,5482381
353,Thinking,3,5443704
354,Cruisin,1,17231492
355,throw backs,1,15592913
356,2017,1,7540174
357,boris,1,41285947
358,Meow,1,16889187
359,old songs ,1,12011735
360,pg,1,29612805
361,Breezeblocks,1,18559219
362,Favorite Songs,1,51374372
363,Classic Rock,1,24867623
364,Pregame,1,10060589
365,Chill Rock,15,29409896
366,High,1,2277105
367,Guilty pleasure,1,28379452
368,Everyday,1,5702204
369,Salsa clasica,1,17456909
370,CHRISTMAS,2,8161116
371,quiet,1,3675883
372,TRIPPIn,1,2478019
373,happy,2,14549013
374,oldies,1,28515226
375,Chill,1,19672852
376,Studying,1,20937145
377,Classic,1,4899854
378,country,1,15202639
379,Autumnal ,7,22446377
380,Throwbacks ,3,29808136
381,Traveling,1,13338999
382,spin,2,3617477
383,country 2017,2,6189886
384,*** good stuff,2,10981819
385,LM,1,6849369
386,Chill,1,5174542
387,sad,1,1002971
388,Party time,1,7214292
389,mb,2,37004827
390,Samba,1,7507260
391,tears.,3,12322081
392,Go To,1,20317291
393,Friday afternoon...,1,15702225
394,songs that make me think of you ,1,5667027
395,Congratulations,1,13079525
396,Party,1,35191686
397,Random,1,4790006
398,Comedy,1,4724058
399,RAVE,1,6903551
400,summer 2015,1,8172580
401,GET DOWN,4,35978286
402,JAZZ,1,44224023
403,Hype,4,47796786
404,‚ö°Ô∏è,1,14809281
405,in my feels,1,49840293
406,90's,2,57817131
407,Piano Music,1,11463791
408,workout mix,1,2161944
409,90s hip hop,1,8890863
410,Metal,1,21653950
411,ashley,1,37973952
412,Country,2,40797603
413,Sweat.It.Out.,1,5345965
414,early 2000's,1,3623844
415,Get pumped ,1,2473737
416,West Coast Swing,1,9971391
417,Rock,1,4516482
418,june,1,4042078
419,Roadtrip,1,31247117
420,Smooth,1,24692333
421,1967,1,5759204
422,Old School,1,13301408
423,New,1,3872886
424,WORSHIP,1,35954911
425,Phone,1,2339579
426,yo,3,20413157
427,PT,4,25137572
428,car rides,1,24126961
429,Music.,7,9498986
430,Rent,1,5703259
431,Feels,1,22270488
432,goldie,1,21216501
433,Sad songs,1,7444505
434,DIEGO$,1,24165285
435,New years,1,10914764
436,Driving,2,38166653
437,April,1,44540531
438,OD,1,23006426
439,housewarming,2,42572851
440,car,1,5700465
441,chill out,4,49593533
442,rap mix,4,48662391
443,Kickin it,2,10588977
444,Chill Out,1,2662059
445,90s baby,1,5948451
446,Oldies,1,9061700
447,Classical,1,35055308
448,My favorites,1,5695510
449,Hyphy,1,3853134
450,Pump up songs,2,15955232
451,Beautiful Things,1,5792425
452,dance,2,16804240
453,my heart,1,37834259
454,issa playlist,1,35784342
455,Party,1,10313789
456,Country,1,51403555
457,roma,3,14153692
458,Intro,1,20724857
459,Dusk,2,24677599
460,slow,3,22939246
461,BUST A MOVE,2,4381406
462,Current jams,2,11622691
463,Fallout,1,5905301
464,2017,1,2847637
465,Punk,2,23574237
466,Homework,1,5557362
467,000,1,36302317
468,Good Times,4,33311177
469,new stuff,1,13101094
470,It's Christmas Time!,1,33179507
471,AA,1,32270515
472,Chill Sesh,1,32037134
473,SPRANG,1,12585762
474,Greatest Hits,1,4029486
475,elevator music,1,39994234
476,YOU,1,18122170
477,Reggaeton,1,2417457
478,Long Car Rides,1,13092323
479,Country favorites,1,11477824
480,Chill Out Music,1,22352013
481,Good songs,1,5323927
482,hip hop,2,1562705
483,vibes,1,53978628
484,INDY,1,4499260
485,90's,1,14488430
486,ODESZA,1,3837468
487,Good stuff,1,9044857
488,CHRISTMAS MUSIC,1,6544676
489,Isis,1,12956659
490,My baby,1,3329570
491,Melting Pot,2,49468947
492,Eminem ,1,10072445
493,Zombies,1,16276487
494,Mega Chill,1,6234350
495,OOOUUU,1,3886228
496,songs to sing in the shower,1,4431454
497,Narcos,1,4708341
498,modern rock,1,16323263
499,Wedding Dance Party,1,20264434
500,oldies,1,6483456
501,regaton ,1,6138290
502,tbd,1,11001091
503,Instrumental,2,4395793
504,Old School ,1,43925879
505,joSe :),1,13046807
506,üíÉüèΩ,1,15632980
507,Feels,1,8142362
508,favs rn,2,5568007
509,Chill Songs,3,21298674
510,feels,1,8397487
511,üòªüòª,3,7117095
512,Somber,1,8130764
513,Sunrise,1,9155649
514,Mix Tape,1,7108879
515,FNAF,2,7708849
516,smooth jams,13,48588746
517,Best EDM,1,11305008
518,Worship,1,4044572
519,hitS,2,12628932
520,üò≠üò≠,1,6739650
521,music,1,27364349
522,Upbeat Songs ,1,4535591
523,HOOD,2,36820002
524,poop,1,11118596
525,Tejano,1,28666216
526,Cinco De Mayo,6,28492715
527,Tripping,3,13221839
528,New School,1,25752229
529,now,2,8740289
530,Electronic Music,1,10931073
531,2000's ,1,1543972
532,Sleep,2,36226179
533,mix,1,7660529
534,New Music,1,3337982
535,halcyon,4,12714068
536,Wedding Cocktail Hour,1,6307309
537,chill  ,1,8004959
538,february '17,2,6152042
539,July 2013,17,6360096
540,Musica en espa√±ol,1,12236130
541,SpRiNg BrEaK,1,7853935
542,vibin',1,16232654
543,Rock,1,23420250
544,vibes,1,16052704
545,Tropical,1,6134043
546,pregame,1,11605181
547,whatever,2,7144512
548,Mix Tape,1,4917985
549,Thug,1,9943008
550,Winter,1,7021790
551,Sleep~,1,8010074
552,Country,1,14999951
553,Reggae,2,51960956
554,Vibin,1,34293733
555,older songs,1,12126027
556,Crossfit,2,12485588
557,Work,1,16177296
558,Black,1,11207126
559,üíõüíõ,1,54172588
560,Summer Party,4,40357199
561,chillen,1,11172502
562,Country summer,3,20561260
563,Top Hits,2,3111368
564,cheese,1,2708554
565,Country,2,31188684
566,Wedding,1,3268105
567,14,3,11137339
568,NICOLE,1,4301677
569,Relaxing Music,1,5571550
570,run,1,4908101
571,Disney!,1,3988434
572,bounce,3,40128864
573,Calming Music,2,18296820
574,kayla,2,3835740
575,Party mix,1,10530173
576,wake up,1,7021475
577,sound,1,7768668
578,sad,1,5712179
579,Mya,2,6441285
580,rock,1,12819026
581,main playlist,3,18255875
582,doo wop,1,9647235
583,nite,1,14688453
584,Main,1,48057518
585,üñïüèª,1,43243567
586,Wandering,3,48386406
587,Current,1,2061707
588,Wedding Dance Music,2,13467774
589,rap,1,19112247
590,Vibin',1,12272944
591,dad songs,1,4685643
592,2015,3,39659165
593,PARTY PLAYLIST,1,11959181
594,bomb,3,7454627
595,spring '17,1,7380665
596,maY!,1,13723702
597,Baby Making,1,13258547
598,ale,1,8640760
599,Sunny Days,1,3629722
600,Stuff,1,33196793
601,Up,1,7986767
602,Happy Happy Happy,1,9442946
603,Don't,1,18769628
604,Lent,1,5148619
605,turn up,3,20859978
606,Country,1,23694980
607,Songs I Like,3,30633014
608,Spring 2015,2,22443152
609,classic rock,1,16008992
610,70/80,1,14049210
611,Oldies,1,36233599
612,summer 17,1,17784074
613,Wedding Songs,1,9861751
614,indie rock ,1,14907387
615,Sierre√±o,3,8748346
616,study,4,32741859
617,Random,1,11747290
618,Christmastime,1,9361587
619,random songs,1,5342656
620,party,1,4427301
621,workout,1,23742634
622,mine,1,7360004
623,take me back,2,13430043
624,ROAR,1,2581672
625,old,1,21621494
626,teenage angst,3,26324743
627,Wave,1,13968820
628,Mixtape,1,4959544
629,80s,1,4904070
630,//new,1,13661915
631,house,1,17638514
632,ol skool,1,13525669
633,music,2,40718107
634,ROCKüé∏,3,13777908
635,Workout,2,20315610
636,go-to,3,17115146
637,Classic,6,53561016
638,Various Artists ‚Äì Majestic Casual - Chapter I,1,8484680
639,Grind,3,10811435
640,America,1,8442162
641,sleep,1,2199492
642,rap,1,23171508
643,VACATION,1,27948831
644,christmas,1,5999255
645,Dubstep,2,7787927
646,Pop,1,3920384
647,Gym,2,37436319
648,Mia,8,32272406
649,Musica,1,26106219
650,Australia Day,2,9501803
651,Slay,1,10661944
652,II,1,9750954
653,Arab,1,4042536
654,Take Me Back,5,10709181
655,Christmas Time,2,9090977
656,feel good,1,21698803
657,üòàüòàüòà,8,26763493
658,Rock,1,17015069
659,Lifting ,1,34378400
660,Panda,2,19777780
661,Car Party,1,13099768
662,discovered,5,49666604
663,2000s hits,1,12167420
664,Workout,3,4274978
665,recommendations !! ,2,12627140
666,eclipse,1,7611809
667,classical,1,24668922
668,Feel Good,1,4120084
669,summer 2k17,2,12330426
670,cake ,1,11507643
671,lean,2,12802098
672,Chill,1,18320544
673,Say You Won't Let Go,9,34939410
674,Deep Thoughts,1,7211102
675,Dinner Party,1,1009640
676,Clubbin,1,26815535
677,For You,1,13221058
678,tb,1,2962703
679,Blues,1,12591911
680,Country Favorites,3,54799152
681,Work,1,3881116
682,twenty sixteen,1,19352924
683,Life ,1,43502622
684,Waltz,1,7051357
685,uhhhh,1,2702997
686,Throwback,1,9534014
687,Cinderella,1,27764324
688,üòçüòçüòç,1,12739933
689,My Musics,1,49939410
690,Dark Side,1,11414196
691,Club,1,27828112
692,december,1,4284245
693,chill time,2,15706786
694,PARTY ,1,48786515
695,three,1,4444821
696,Alternativo ,1,7086556
697,Partay,1,19365645
698,rock songs,2,3627449
699,Lulu,2,41477384
700,Amy,1,17319215
701,Old songs ,1,10178516
702,Wedding Cocktail Hour,1,4597865
703,ALT,1,45821977
704,Drake,1,55454339
705,Wedding,1,5604771
706,MY FAV,1,1008292
707,party,1,2186968
708,pop,3,9395168
709,winter,1,5311158
710,my favorite songs,2,1782858
711,yoga,1,2636272
712,classic,1,34147242
713,Cody,1,19341106
714,raw,2,12212703
715,Band Music,3,14771305
716,Rave,1,7487981
717,Throwbacks,1,13118525
718,Swing,1,5718853
719,CARDIO,1,8941719
720,PARTY 1,2,11999709
721,throwback,1,9229731
722,running,1,15947956
723,Wet Dreamz,1,4595425
724,roadtrip üöó,1,24839332
725,Feels,2,7336109
726,dubstep,1,6167484
727,Rock en espa√±ol ,1,14441367
728,summer country,2,9932312
729,Pop,1,23456397
730,lit,1,28331164
731,Best of 2016,1,28277577
732,country,1,3024234
733,rap,3,21415521
734,2000s r&b,1,28437764
735,my songs ,1,11397414
736,Not Rap,1,6671217
737,fuego,1,7650968
738,spanish ,1,3790756
739,Best,3,10523041
740,will,3,49344651
741,Chill,2,8268004
742,Holiday Party,1,5964742
743,New ish,1,57648694
744,Running,1,17577615
745,Mad Men,1,12585034
746,EBM,1,5825144
747,2000s,1,18601789
748,Disney,1,14585036
749,Buena Vista Social Club,1,9527681
750,Summer 2016,2,7288529
751,xmas party,2,34151580
752,for you,1,31521556
753,Luke,1,5925277
754,L O V E ,1,20780240
755,Summer Country,1,11396880
756,kitchen,1,4459168
757,Yeah,1,3359795
758,Britney,1,8001919
759,ghetto,1,6379515
760,HARDCORE WORKOUT,1,24626349
761,#mood,2,8527771
762,Gospel Mix,1,12776721
763,Turnt,1,8428187
764,GOOD MUSIC ,1,4471587
765,Tangled,1038,15112167
766,music,1,19218683
767,The Mix,1,37324571
768,Fun,1,18923675
769,Elliot,1,34553175
770,summer 2016,1,14712101
771,Classical favorites,1,2047905
772,no,1,3861715
773,4th of july,1,29527994
774,Sugar,1,3576468
775,vibin,2,5567327
776,ha,1,8111527
777,christmas,1,4151649
778,electro,1,3718999
779,00s,1,20563322
780,Rage,1,5516260
781,New jams,1,31118595
782,Main Playlist,1,54713205
783,Christmas,1,3368165
784,Cruising,2,2394320
785,Girl Power,2,13069216
786,Summer 2016,1,14198994
787,Baes,1,1805998
788,ATL,1,7948938
789,Soulful  ,1,8070680
790,üò¥üò¥,3,4241859
791,Country,1,10750810
792,Pitch Perfect,1,2275342
793,feels,4,21382504
794,siesta,2,5892847
795,Shape of You,2,1914114
796,Country,1,10056945
797,Workout,1,10142356
798,mellow,1,7910361
799,Helene,1,8202120
800,Christian music,1,2091648
801,Runaway,1,14488716
802,work music,1,25831390
803,Country,1,43421679
804,Good Stuff,1,20908133
805,car playlist ,1,2638772
806,2K14,3,34849426
807,Summer drives,1,16875684
808,üí∏üí∏,1,27581867
809,Country,1,3250849
810,road trip ,1,2237697
811,musicals,1,46448007
812,Throwback,2,21656971
813,ease ~,1,8563173
814,Groovy,2,11396490
815,WORKOUT,1,42936735
816,Easy Listening ,1,21676960
817,Cancun,1,12480160
818,Star Wars,1,2868245
819, CHiLl,1,4594018
820,jan 2015,1,3494895
821,feel good,1,5151514
822,explicit,1,36971214
823,Broadway Baby,1,26510292
824,Worship,2,7481073
825,pregame,6,17771865
826,Hawaii,1,4370484
827,Roadtrip,1,5967277
828,.jams.,1,4064674
829,The Classics,2,12196214
830,Heat,1,3222010
831,My hits,2,16449976
832,Fix You,1,6103083
833,I workout!,1,27697847
834,Disney,2,3732421
835,everything,1,48926806
836,boujee,1,3999213
837,Country Mix,1,4015752
838,bird,2,29197826
839,Camp,1,14518491
840,rap,3,26981820
841,Deb,1,25135565
842,christmas,1,27175214
843,2016,3,48585388
844,nostalgia,1,33568346
845,english,1,2911434
846,empty,1,5756548
847,The Good Stuff,1,50294546
848,Local,2,49717490
849,chill,3,25884968
850,Litüî•üî•,1,12265773
851,Indie Stuff,1,4241888
852,chill,1,11639639
853, Frozen,2,7744568
854,HER,3,54136863
855,Gospel,4,24098628
856,songs to dance to,1,3492144
857,study,2,28867643
858,summer 16',1,21620089
859,Hungover,1,42753000
860,work,1,12286033
861,Christmas Favorites,4,11146474
862,mood music,1,3767219
863,good vibes,1,10463771
864,I like these songs,1,18798519
865,Cha Cha,1,7703622
866,Worship,2,33080913
867,PURPLE,1,13703082
868,April 2016,1,4999906
869,My Heart,1,8765681
870,recovery,1,11309492
871,space jams,2,4523189
872,bored,1,6091075
873,Volleyball,1,7936491
874,Mixed,1,33793856
875,Jammin,1,9150473
876,Chidas,2,16582784
877,ELECTRONICAS,1,17181746
878,new new,1,1996675
879,Country,1,50341906
880,Working Out,1,6211312
881,EDC,1,14597634
882,run 2,1,1384776
883,Office,1,18696030
884,Songs I Love,2,9151970
885,SEPTEMBER 2017,1,14042586
886,BUMP,2,52613668
887,Reception,1,15285499
888,Old Rock,1,5887643
889,Edward Sharpe & The Magnetic Zeros,1,8272231
890,Two,1,1718302
891,Good music ,1,1724810
892,1980's,8,3003906
893,Country,1,29696098
894,playlist,1,4413536
895,Throwbacks,1,31869941
896,Classic Country,6,44548821
897,Thuggin,1,16408701
898,trending,1,10891819
899,Relax,1,12802175
900,My High-Intensity Workout,1,3659376
901,Sundays,3,13208416
902,sunday,1,9451263
903,Oldies,1,14511221
904,dance yrself clean,2,7765445
905,Sleep Music,1,2442207
906,DISCOVER,1,5044396
907,Lit,1,25090570
908,old but good,2,11656243
909,Awesome,1,2917328
910,Pump up,2,21314596
911,BEST SONGS EVER,1,8388914
912,old school,2,22637299
913,PARTY,1,31388970
914,dance,1,16432020
915,Alternative,2,1871236
916,Rock,1,24591942
917,Summer '16,1,9008766
918,Pearl Jam,1,43003986
919,petrichor,1,11480569
920,LITT ,1,31814633
921,Rock,1,25827393
922,Baby shower,1,2472526
923,beautiful,1,8340370
924,mine,1,23720395
925,John's Playlist,1,18541223
926,rock,1,14618370
927,Oldies,2,13131762
928,vibin,1,2217770
929,Move,1,4142432
930,Seduction,1,34682579
931,Fire,1,11746828
932,halloweenie,1,7729111
933,Reception,1,9746258
934,Love,1,9696452
935,Rock,1,12324961
936,Worship,3,11239296
937,hayley,1,6073195
938,Inspiration,1,13517594
939,<3,1,7806717
940,Playlist,2,10964833
941,2k17,1,30712867
942,R&B classics,3,23837606
943,Fall 2015,1,20275508
944,hoe anthems,2,6970595
945,the mix,1,5355947
946,summer '17,1,25345670
947,nashville,1,2183323
948,Christmas songs ,1,14325817
949,jamz,1,16786449
950,Summer 2016,2,11815189
951,stuff,1,2229106
952,The Greatest,1,2395154
953,#chill,2,15388277
954,country,1,5344096
955,country ,1,49978310
956,Classical,1,18718684
957,disney bops,1,7188894
958,top down,2,3861463
959,Rap Songs,1,4772474
960,Chillout ,1,18568996
961,Gospel,1,14449011
962,MERICA,1,17831472
963,Dubstep ,1,2353881
964,KILLA,1,30889047
965,hey,1,21868096
966,mello,1,2805925
967,spanish,1,2244462
968,death,4,35918107
969,Marshall ,2,8984013
970,Summer 2014,1,17996632
971,Rap it up,1,12750541
972,Slow Stuff,1,35127057
973,flow,1,4045052
974,Maui,1,33074974
975,Lit af,1,4848999
976,Neo,1,4692356
977,summer playlist,1,28795617
978,Dancehall,1,26607391
979,new,1,47162649
980,Gym,3,48909656
981,Chill,1,7749913
982,nc,1,13926435
983,2pac,1,27207422
984,Pump up,1,48616835
985,Party Playlist,1,19433173
986,New Music,1,15491200
987,Dancing on my own,1,36983438
988,New,1,3261685
989,David,1,7254125
990,Michelle ,1,20637964
991,Bad and Boujee,1,4261773
992,R&B,1,31829172
993,üåàüåàüåà,1,8986743
994,FALL 2013,1,14914634
995,old,1,9917901
996,Daze,1,3699248
997,rap,1,27538723
998,Country,1,24950143
999,thinking of you,1,9065801
